{
  "name": "MainAudit",
  "settings": {
    "strict": false,
    "forceId": false,
    "replaceOnPUT": true,
    "idInjection": false,
    "mysql": {
      "schema": "system_proser",
      "table": "MainAudit"
    }
  },
  "properties": {
    "audit_id": {
      "type": "number",
      "id": true
    },
    "audit_agent_id": {
      "type": "number"
    },
    "audit_break_id": {
      "type": "number"
    },
    "audit_datetime_init": {
      "type": "string"
    },
    "audit_datetime_end": {
      "type": "string"
    },
    "audit_duration": {
      "type": "string"
    },
    "audit_ext_parked": {
      "type": "string"
    },
    "__TIME__": {
      "type": "number"
    },
    "audit_duration_sec": {
      "type": "number"
    },
    "audit_status": {
      "type": "string"
    },
    "audit_date": {
      "type": "string"
    },
    "audit_operation_json": {
      "type": "string"
    }
  },
  "validations": [],
  "relations": {},
  "acls": [
    {
      "accessType": "*",
      "principalType": "ROLE",
      "principalId": "Administrator",
      "permission": "ALLOW"
    }
  ],
  "methods": {}
}
