{
  "name": "RealCurrentCalls",
  "settings": {
    "strict": false,
    "forceId": false,
    "replaceOnPUT": true,
    "idInjection": false,
    "mysql": {
      "schema": "system_proser",
      "table": "RealCurrentCalls"
    }
  },
  "properties": {
    "rcc_callentry_id": {
      "type": "number",
      "id": true,
      "required": true
    },
    "rcc_callentry_agent_id": {
      "type": "number",
      "required": true
    },
    "rcc_callentry_queue_id": {
      "type": "number",
      "required": true
    },
    "rcc_callentry_contact_id": {
      "type": "number",
      "required": true
    },
    "rcc_callentry_callerid": {
      "type": "string",
      "required": true
    },
    "rcc_callentry_datetime_init": {
      "type": "string",
      "required": true
    },
    "rcc_callentry_datetime_end": {
      "type": "string",
      "required": true
    },
    "rcc_callentry_duration": {
      "type": "string",
      "required": true
    },
    "rcc_callentry_duration_sec": {
      "type": "number",
      "required": true
    },
    "rcc_callentry_status": {
      "type": "string",
      "required": true
    },
    "rcc_callentry_transfer": {
      "type": "string",
      "required": true
    },
    "rcc_callentry_datetime_entry_queue": {
      "type": "string",
      "required": true
    },
    "rcc_callentry_duration_wait_sec": {
      "type": "number",
      "required": true
    },
    "rcc_callentry_uniqueid": {
      "type": "string",
      "required": true
    },
    "rcc_callentry_campaign_id": {
      "type": "number",
      "required": true
    },
    "rcc_callentry_trunk": {
      "type": "string",
      "required": true
    },
    "rcc_date": {
      "type": "string",
      "required": true
    }
  },
  "validations": [],
  "relations": {},
  "acls": [
    {
      "principalType": "ROLE",
      "principalId": "$everyone",
      "permission": "DENY"
    },
    {
      "principalType": "ROLE",
      "principalId": "admin",
      "permission": "ALLOW",
      "accessType": 
      [
        "READ",
        "WRITE"
      ]
    },
    {
      "principalType": "ROLE",
      "principalId": "admin",
      "permission": "ALLOW",
      "property": [
        "create", 
        "deleteById", 
        "findById",
        "find", 
        "patchAttributes", 
        "replaceById"
      ]
    },
    {
      "principalType": "ROLE",
      "principalId": "config",
      "permission": "ALLOW",
      "accessType": 
      [
        "READ",
        "WRITE"
      ]
    },
    {
      "principalType": "ROLE",
      "principalId": "config",
      "permission": "ALLOW",
      "property": [
        "create", 
        "deleteById", 
        "findById",
        "find", 
        "patchAttributes", 
        "replaceById"
      ]
    },
    {
      "principalType": "ROLE",
      "principalId": "develop",
      "permission": "ALLOW",
      "accessType": 
      [
        "READ",
        "WRITE"
      ]
    },
    {
      "principalType": "ROLE",
      "principalId": "develop",
      "permission": "ALLOW",
      "property": [
        "create", 
        "deleteById", 
        "findById",
        "find", 
        "patchAttributes", 
        "replaceById"
      ]
    }
  ],
  "methods": {}
}
