{
  "db": {
    "name": "db",
    "connector": "memory"
  },

  "proserReports": {
    "host": "${REPORTS_DB_HOST}",
    "port": 3306,
    "url": "",
    "database": "${PROSER_REPORTS_DATABASE}",
    "password": "${REPORTS_DB_PASSWORD}",
    "name": "proserReports",
    "user": "${REPORTS_DB_USER}",
    "connector": "mysql",
    "connectTimeout": 30000,
    "acquireTimeout": 20000
  },

  "proserInventory": {
    "host": "${INVENTORY_DB_HOST}",
    "port": 3306,
    "url": "",
    "database": "${PROSER_INVENTORY_DATABASE}",
    "password": "${INVENTORY_DB_PASSWORD_WRITE}",
    "name": "proserInventory",
    "user": "${INVENTORY_DB_USER_WRITE}",
    "connector": "mysql",
    "connectTimeout": 30000,
    "acquireTimeout": 20000
  },

  "emailDs": {
    "name": "emailDs",
    "connector": "mail",
    "transports": [
      {
        "type": "smtp",
        "host": "mail.test.com",
        "secure": true,
        "port": 25,
        "tls": {
          "rejectUnauthorized": true
        },
        "auth": {
          "user": "test@test.com",
          "pass": "password"
        }
      }
    ]
  }
}
