{
  "name": "HcxChange",
  "settings": {
    "strict": false,
    "forceId": false,
    "replaceOnPUT": true,
    "idInjection": false,
    "mysql": {
      "schema": "system_proser",
      "table": "HcxChange"
    }
  },
  "properties": {
    "hcx_id": {
      "type": "string"
    },
    "hcx_timestamp": {
      "type": "string"
    },
    "hcx_date_from": {
      "type": "string"
    },
    "hcx_time_from": {
      "type": "number"
    },
    "hcx_table": {
      "type": "string"
    },
    "hcx_record": {
      "type": "string"
    }
  },
  "validations": [],
  "relations": {},
  "acls": [
    {
      "principalType": "ROLE",
      "principalId": "$everyone",
      "permission": "DENY"
    },
    {
      "principalType": "ROLE",
      "principalId": "admin",
      "permission": "ALLOW",
      "accessType": ["READ", "WRITE"]
    },
    {
      "principalType": "ROLE",
      "principalId": "admin",
      "permission": "ALLOW",
      "property": [
        "create",
        "deleteById",
        "findById",
        "find",
        "patchAttributes",
        "replaceById"
      ]
    },
    {
      "principalType": "ROLE",
      "principalId": "config",
      "permission": "ALLOW",
      "accessType": ["READ", "WRITE"]
    },
    {
      "principalType": "ROLE",
      "principalId": "config",
      "permission": "ALLOW",
      "property": [
        "create",
        "deleteById",
        "findById",
        "find",
        "patchAttributes",
        "replaceById"
      ]
    },
    {
      "principalType": "ROLE",
      "principalId": "develop",
      "permission": "ALLOW",
      "accessType": ["READ", "WRITE"]
    },
    {
      "principalType": "ROLE",
      "principalId": "develop",
      "permission": "ALLOW",
      "property": [
        "create",
        "deleteById",
        "findById",
        "find",
        "patchAttributes",
        "replaceById"
      ]
    }
  ],
  "methods": {}
}
