{
  "name": "InvSchedule",
  "settings": {
    "strict": false,
    "forceId": false,
    "replaceOnPUT": true,
    "idInjection": false,
    "mysql": {
      "schema": "system_proser",
      "table": "InvSchedule"
    }
  },
  "properties": {
    "inv_schedule_id": {
      "type": "number",
      "id": true
    },
    "inv_schedule_status": {
      "type": "string"
    },
    "inv_schedule_chk": {
      "type": "number"
    },
    "inv_schedule_type": {
      "type": "string"
    },
    "inv_schedule_name": {
      "type": "string"
    },
    "inv_schedule_shortname": {
      "type": "string"
    },
    "inv_schedule_description": {
      "type": "string"
    }
  },
  "validations": [],
  "relations": {
    "weekdays": {
      "type": "hasMany",
      "model": "InvScheduleDay",
      "foreignKey": "inv_schedule_id"
    }
  },
  "acls": [
    {
      "principalType": "ROLE",
      "principalId": "$everyone",
      "permission": "DENY"
    },
    {
      "principalType": "ROLE",
      "principalId": "admin",
      "permission": "ALLOW",
      "accessType": 
      [
        "READ",
        "WRITE"
      ]
    },
    {
      "principalType": "ROLE",
      "principalId": "admin",
      "permission": "ALLOW",
      "property": [
        "create", 
        "deleteById", 
        "findById",
        "find", 
        "patchAttributes", 
        "replaceById"
      ]
    },
    {
      "principalType": "ROLE",
      "principalId": "config",
      "permission": "ALLOW",
      "accessType": 
      [
        "READ",
        "WRITE"
      ]
    },
    {
      "principalType": "ROLE",
      "principalId": "config",
      "permission": "ALLOW",
      "property": [
        "create", 
        "deleteById", 
        "findById",
        "find", 
        "patchAttributes", 
        "replaceById"
      ]
    },
    {
      "principalType": "ROLE",
      "principalId": "develop",
      "permission": "ALLOW",
      "accessType": 
      [
        "READ",
        "WRITE"
      ]
    },
    {
      "principalType": "ROLE",
      "principalId": "develop",
      "permission": "ALLOW",
      "property": [
        "create", 
        "deleteById", 
        "findById",
        "find", 
        "patchAttributes", 
        "replaceById"
      ]
    }
  ],
  "methods": {}
}
